No,学校名,住所,措置名称,開始日,終了日,学年等
1,札幌市立篠路中学校,札幌市北区篠路町篠路368番地,学級閉鎖,2017/11/22(水),2017/11/24(金),1年2組32
2,札幌市立平岡中学校,札幌市清田区平岡2条5丁目4番10号,学級閉鎖,2017/11/22(水),2017/11/24(金),2年5組35
3,札幌市立澄川南小学校,札幌市南区澄川5条13丁目7-1,学級閉鎖,2017/11/25(土),2017/11/27(月),1年2組31
4,札幌市立発寒小学校,札幌市西区発寒10条4丁目1番62号,学級閉鎖,2017/11/25(土),2017/11/27(月),3年2組39
5,札幌市立平岸小学校,札幌市豊平区平岸2条14丁目1-28,学級閉鎖,2017/11/28(火),2017/11/30(木),5年3組31
6,札幌市立三里塚小学校,北海道札幌市清田区里塚二条六丁目七番一号,学級閉鎖,2017/11/28(火),2017/11/30(木),1年1組32
7,札幌市立澄川西小学校,北海道札幌市南区澄川2条5丁目7番2号,学年閉鎖,2017/11/28(火),2017/11/30(木),3年31
8,札幌市立澄川西小学校,北海道札幌市南区澄川2条5丁目7番2号,学級閉鎖,2017/11/28(火),2017/11/30(木),1年2組24
9,札幌市立澄川西小学校,北海道札幌市南区澄川2条5丁目7番2号,学級閉鎖,2017/11/28(火),2017/11/30(木),4年1組21
10,札幌市立発寒小学校,札幌市西区発寒10条4丁目1番62号,学級閉鎖,2017/11/28(火),2017/11/30(木),6年1組30
11,札幌市立平岡中学校,札幌市清田区平岡2条5丁目4番10号,学級閉鎖,2017/11/29(水),2017/12/01(金),1年1組34
12,札幌市立西陵中学校,北海道札幌市西区発寒15条2丁目5-1,学級閉鎖,2017/11/29(水),2017/12/01(金),1年2組32
13,札幌市立平岸中学校,札幌市豊平区平岸1条21丁目3番1号,学級閉鎖,2017/11/30(木),2017/12/02(土),1年2組29
14,札幌市立西陵中学校,北海道札幌市西区発寒15条2丁目5-1,学級閉鎖,2017/11/30(木),2017/12/02(土),2年2組36
15,札幌市立西陵中学校,北海道札幌市西区発寒15条2丁目5-1,学級閉鎖,2017/11/30(木),2017/12/02(土),1年4組32
16,札幌市立元町北小学校,北海道札幌市東区北31条東14丁目1番1号,学級閉鎖,2017/11/29(水),2017/12/03(日),5年3組40
17,札幌市立三里塚小学校,北海道札幌市清田区里塚二条六丁目七番一号,学級閉鎖,2017/12/01(金),2017/12/03(日),2年3組25
18,札幌市立西陵中学校,北海道札幌市西区発寒15条2丁目5-1,学級閉鎖,2017/12/01(金),2017/12/04(月),2年1組37
19,札幌市立三里塚小学校,北海道札幌市清田区里塚二条六丁目七番一号,学級閉鎖,2017/12/02(土),2017/12/05(火),2年1組25
20,札幌市立三里塚小学校,北海道札幌市清田区里塚二条六丁目七番一号,学級閉鎖,2017/12/02(土),2017/12/05(火),3年2組28
21,札幌市立石山南小学校,札幌市南区石山2条8丁目8-1,学級閉鎖,2017/12/02(土),2017/12/06(水),1年1組20
22,札幌市立平岸中学校,札幌市豊平区平岸1条21丁目3番1号,学級閉鎖,2017/12/05(火),2017/12/06(水),1年1組29
23,札幌市立元町小学校,札幌市東区北25条東17丁目,学級閉鎖,2017/12/05(火),2017/12/07(木),1年1組34
24,札幌市立札苗北小学校,札幌市東区東苗穂9条3丁目2-3,学級閉鎖,2017/12/05(火),2017/12/07(木),5年3組36
25,札幌市立北都小学校,札幌市白石区北郷3条11丁目,学級閉鎖,2017/12/05(火),2017/12/07(木),4年1組26
26,札幌市立北都小学校,札幌市白石区北郷3条11丁目,学級閉鎖,2017/12/05(火),2017/12/07(木),4年3組27
27,札幌市立北都小学校,札幌市白石区北郷3条11丁目,学級閉鎖,2017/12/05(火),2017/12/07(木),5年2組33
28,札幌市立平岸小学校,札幌市豊平区平岸2条14丁目1-28,学級閉鎖,2017/12/05(火),2017/12/07(木),1年3組25
29,札幌市立石山小学校,北海道札幌市南区石山一条四丁目1-1,学年閉鎖,2017/12/05(火),2017/12/07(木),2年33
30,札幌市立石山小学校,北海道札幌市南区石山一条四丁目1-1,学級閉鎖,2017/12/05(火),2017/12/07(木),1年2組18
31,札幌市立真駒内公園小学校,北海道札幌市南区真駒内曙町2丁目1-1,学年閉鎖,2017/12/05(火),2017/12/07(木),3年66
32,札幌市立真駒内公園小学校,北海道札幌市南区真駒内曙町2丁目1-1,学年閉鎖,2017/12/05(火),2017/12/07(木),5年64
33,札幌市立真駒内公園小学校,北海道札幌市南区真駒内曙町2丁目1-1,学級閉鎖,2017/12/05(火),2017/12/07(木),1年2組22
34,札幌市立真駒内公園小学校,北海道札幌市南区真駒内曙町2丁目1-1,学級閉鎖,2017/12/05(火),2017/12/07(木),2年1組23
35,札幌市立真駒内公園小学校,北海道札幌市南区真駒内曙町2丁目1-1,学級閉鎖,2017/12/05(火),2017/12/07(木),4年1組38
36,札幌市立真駒内公園小学校,北海道札幌市南区真駒内曙町2丁目1-1,学級閉鎖,2017/12/05(火),2017/12/07(木),6年1組34
37,札幌市立発寒小学校,札幌市西区発寒10条4丁目1番62号,学級閉鎖,2017/12/05(火),2017/12/07(木),5年3組34
38,札幌市立発寒西小学校,北海道札幌市西区発寒五条七丁目1-2,学級閉鎖,2017/12/05(火),2017/12/07(木),1年3組28
39,札幌市立西野第二小学校,札幌市西区西野8条7丁目1-1,学級閉鎖,2017/12/05(火),2017/12/07(木),4年3組32
40,札幌市立石山南小学校,札幌市南区石山2条8丁目8-1,学級閉鎖,2017/12/05(火),2017/12/08(金),3年2組21
41,札幌市立あいの里東小学校,北海道札幌市北区あいの里三条七丁目11-1,学級閉鎖,2017/12/06(水),2017/12/08(金),2年2組23
42,札幌市立あいの里東小学校,北海道札幌市北区あいの里三条七丁目11-1,学級閉鎖,2017/12/06(水),2017/12/08(金),2年3組24
43,札幌市立真栄小学校,札幌市清田区美しが丘1条1丁目1-10,学級閉鎖,2017/12/06(水),2017/12/08(金),2年1組24
44,札幌市立真駒内公園小学校,北海道札幌市南区真駒内曙町2丁目1-1,学級閉鎖,2017/12/06(水),2017/12/08(金),2年2組26
45,札幌市立発寒小学校,札幌市西区発寒10条4丁目1番62号,学級閉鎖,2017/12/06(水),2017/12/08(金),1年3組32
46,札幌市立発寒西小学校,北海道札幌市西区発寒五条七丁目1-2,学級閉鎖,2017/12/06(水),2017/12/08(金),1年4組29
47,札幌市立西小学校,札幌市西区発寒7条13丁目,学級閉鎖,2017/12/06(水),2017/12/08(金),1年4組35
48,札幌市立西小学校,札幌市西区発寒7条13丁目,学級閉鎖,2017/12/06(水),2017/12/08(金),3年2組34
49,札幌市立西小学校,札幌市西区発寒7条13丁目,学級閉鎖,2017/12/06(水),2017/12/08(金),4年2組38
50,札幌市立西小学校,札幌市西区発寒7条13丁目,学級閉鎖,2017/12/06(水),2017/12/08(金),5年3組35
51,札幌市立上野幌東小学校,札幌市厚別区上野幌2条4丁目,学級閉鎖,2017/12/07(木),2017/12/08(金),6年2組32
52,札幌市立光陽小学校,北海道札幌市北区新琴似五条11丁目4番1号,学級閉鎖,2017/12/05(火),2017/12/09(土),1年1組34
53,札幌市立拓北小学校,北海道札幌市北区あいの里2条1丁目24番1号,学級閉鎖,2017/12/07(木),2017/12/10(日),3年1組37
54,札幌市立三里塚小学校,北海道札幌市清田区里塚二条六丁目七番一号,学級閉鎖,2017/12/07(木),2017/12/10(日),2年2組26
55,札幌市立三里塚小学校,北海道札幌市清田区里塚二条六丁目七番一号,学級閉鎖,2017/12/07(木),2017/12/10(日),3年1組29
56,札幌市立山の手南小学校,北海道札幌市西区山の手1条9丁目,学級閉鎖,2017/12/07(木),2017/12/10(日),4年2組30
57,札幌市立太平小学校,北海道札幌市北区篠路一条二丁目6-20,学級閉鎖,2017/12/08(金),2017/12/10(日),2年1組24
58,札幌市立札苗北小学校,札幌市東区東苗穂9条3丁目2-3,学級閉鎖,2017/12/08(金),2017/12/10(日),1年1組35
59,札幌市立上野幌東小学校,札幌市厚別区上野幌2条4丁目,学年閉鎖,2017/12/08(金),2017/12/10(日),6年31
60,札幌市立真駒内公園小学校,北海道札幌市南区真駒内曙町2丁目1-1,学級閉鎖,2017/12/08(金),2017/12/10(日),4年2組37
61,札幌市立東山小学校,札幌市豊平区平岸4条11丁目6-1,学年閉鎖,2017/12/12(火),2017/12/13(水),1年83
62,札幌市立真駒内曙中学校,札幌市南区真駒内曙町2丁目1番2号,学級閉鎖,2017/12/12(火),2017/12/13(水),3年2組33
63,北海道札幌市立北翔養護学校,北海道札幌市西区発寒11条6丁目2-1,休校,2017/12/11(月),2017/12/13(水),-26
64,札幌市立幌南小学校,札幌市中央区南21条西5丁目1-1,学級閉鎖,2017/12/12(火),2017/12/14(木),3年2組30
65,札幌市立白楊小学校,北海道札幌市北区北二十四条西7丁目,学級閉鎖,2017/12/12(火),2017/12/14(木),5年1組36
66,札幌市立太平小学校,北海道札幌市北区篠路一条二丁目6-20,学年閉鎖,2017/12/12(火),2017/12/14(木),4年90
67,札幌市立太平小学校,北海道札幌市北区篠路一条二丁目6-20,学級閉鎖,2017/12/12(火),2017/12/14(木),1年3組25
68,札幌市立太平小学校,北海道札幌市北区篠路一条二丁目6-20,学級閉鎖,2017/12/12(火),2017/12/14(木),2年1組24
69,札幌市立太平小学校,北海道札幌市北区篠路一条二丁目6-20,学級閉鎖,2017/12/12(火),2017/12/14(木),自閉症・情緒障がい学級1組5
70,札幌市立あいの里東小学校,北海道札幌市北区あいの里三条七丁目11-1,学級閉鎖,2017/12/12(火),2017/12/14(木),1年2組26
71,札幌市立あいの里東小学校,北海道札幌市北区あいの里三条七丁目11-1,学級閉鎖,2017/12/12(火),2017/12/14(木),5年4組30
72,札幌市立札苗北小学校,札幌市東区東苗穂9条3丁目2-3,学年閉鎖,2017/12/12(火),2017/12/14(木),1年175
73,札幌市立札苗北小学校,札幌市東区東苗穂9条3丁目2-3,学級閉鎖,2017/12/12(火),2017/12/14(木),2年4組34
74,札幌市立札苗北小学校,札幌市東区東苗穂9条3丁目2-3,学級閉鎖,2017/12/12(火),2017/12/14(木),5年4組36
75,札幌市立札苗北小学校,札幌市東区東苗穂9条3丁目2-3,学級閉鎖,2017/12/12(火),2017/12/14(木),6年2組40
76,札幌市立大谷地小学校,札幌市白石区本通18丁目南1-1,学級閉鎖,2017/12/12(火),2017/12/14(木),3年3組28
77,札幌市立しらかば台小学校,札幌市豊平区月寒東4条18丁目10番43号,学級閉鎖,2017/12/12(火),2017/12/14(木),1年2組24
78,札幌市立真栄小学校,札幌市清田区美しが丘1条1丁目1-10,学級閉鎖,2017/12/12(火),2017/12/14(木),1年3組24
79,札幌市立真栄小学校,札幌市清田区美しが丘1条1丁目1-10,学級閉鎖,2017/12/12(火),2017/12/14(木),2年2組23
80,札幌市立真栄小学校,札幌市清田区美しが丘1条1丁目1-10,学級閉鎖,2017/12/12(火),2017/12/14(木),3年2組28
81,札幌市立真栄小学校,札幌市清田区美しが丘1条1丁目1-10,学級閉鎖,2017/12/12(火),2017/12/14(木),4年1組28
82,札幌市立真栄小学校,札幌市清田区美しが丘1条1丁目1-10,学級閉鎖,2017/12/12(火),2017/12/14(木),4年2組27
83,札幌市立真栄小学校,札幌市清田区美しが丘1条1丁目1-10,学級閉鎖,2017/12/12(火),2017/12/14(木),5年3組28
84,札幌市立西野第二小学校,札幌市西区西野8条7丁目1-1,学級閉鎖,2017/12/12(火),2017/12/14(木),2年2組28
85,札幌市立平岸小学校,札幌市豊平区平岸2条14丁目1-28,学級閉鎖,2017/12/12(火),2017/12/14(木),3年3組36
86,札幌市立円山小学校,札幌市中央区北1条西25丁目,休校,2017/12/12(火),2017/12/15(金),-918
87,札幌市立前田小学校,札幌市手稲区前田6条11丁目3-1,学年閉鎖,2017/12/12(火),2017/12/15(金),2年60
88,札幌市立前田小学校,札幌市手稲区前田6条11丁目3-1,学年閉鎖,2017/12/12(火),2017/12/15(金),4年42
89,札幌市立前田小学校,札幌市手稲区前田6条11丁目3-1,学年閉鎖,2017/12/12(火),2017/12/15(金),6年38
90,北海道札幌市立北翔養護学校(高等部),北海道札幌市西区発寒11条6丁目2-1,休校,2017/12/11(月),2017/12/13(水),-26
91,札幌市立札苗北小学校,札幌市東区東苗穂9条3丁目2-3,学級閉鎖,2017/12/13(水),2017/12/15(金),2年2組34
92,札幌市立札苗北小学校,札幌市東区東苗穂9条3丁目2-3,学級閉鎖,2017/12/13(水),2017/12/15(金),4年2組35
93,札幌市立札苗北小学校,札幌市東区東苗穂9条3丁目2-3,学級閉鎖,2017/12/13(水),2017/12/15(金),4年4組35
94,札幌市立米里小学校,札幌市白石区米里1条3丁目8-1,休校,2017/12/13(水),2017/12/15(金),-284
95,札幌市立三里塚小学校,北海道札幌市清田区里塚二条六丁目七番一号,学級閉鎖,2017/12/13(水),2017/12/15(金),5年2組34
96,札幌市立真栄小学校,札幌市清田区美しが丘1条1丁目1-10,学級閉鎖,2017/12/13(水),2017/12/15(金),2年3組24
97,札幌市立真栄小学校,札幌市清田区美しが丘1条1丁目1-10,学級閉鎖,2017/12/13(水),2017/12/15(金),3年3組27
98,札幌市立平岡中央小学校,札幌市清田区平岡5条3丁目9番1号,学級閉鎖,2017/12/13(水),2017/12/15(金),3年3組35
99,札幌市立美しが丘小学校,札幌市清田区美しが丘2条5丁目,学級閉鎖,2017/12/13(水),2017/12/15(金),1年2組25
100,札幌市立前田小学校,札幌市手稲区前田6条11丁目3-1,学年閉鎖,2017/12/13(水),2017/12/15(金),1年38
101,札幌市立前田小学校,札幌市手稲区前田6条11丁目3-1,学年閉鎖,2017/12/13(水),2017/12/15(金),5年36
102,札幌市立三里塚小学校,北海道札幌市清田区里塚二条六丁目七番一号,学年閉鎖,2017/12/14(木),2017/12/15(金),5年34
103,札幌市立光陽小学校,北海道札幌市北区新琴似五条11丁目4番1号,学級閉鎖,2017/12/14(木),2017/12/17(日),2年2組23
104,札幌市立元町小学校,札幌市東区北25条東17丁目,学級閉鎖,2017/12/14(木),2017/12/17(日),3年2組31
105,札幌市立山の手南小学校,北海道札幌市西区山の手一条9丁目,学級閉鎖,2017/12/14(木),2017/12/17(日),1年3組29
106,札幌市立山の手南小学校,北海道札幌市西区山の手一条9丁目,学級閉鎖,2017/12/14(木),2017/12/17(日),2年2組25
107,札幌市立札苗北小学校,札幌市東区東苗穂9条3丁目2-3,学級閉鎖,2017/12/15(金),2017/12/17(日),2年5組34
108,札幌市立西岡北小学校,北海道札幌市豊平区西岡3条6丁目7-20,学級閉鎖,2017/12/15(金),2017/12/17(日),5年2組32
109,札幌市立清田小学校,北海道札幌市清田区清田一条4丁目3-30,学級閉鎖,2017/12/15(金),2017/12/17(日),3年1組37
110,札幌市立三里塚小学校,北海道札幌市清田区里塚二条六丁目七番一号,学級閉鎖,2017/12/16(土),2017/12/17(日),5年1組34
111,札幌市立北の沢小学校,札幌市南区北ノ沢1727番地5,学年閉鎖,2017/12/15(金),2017/12/17(日),5年24
112,札幌市立手稲東小学校,札幌市西区西野4条3丁目7番1号,学級閉鎖,2017/12/15(金),2017/12/17(日),3年2組32
113,札幌市立手稲中央幼稚園,札幌市手稲区手稲本町2条5丁目,学年閉鎖,2017/12/15(金),2017/12/18(月),4歳児そら組32
114,札幌市立八軒西小学校,北海道札幌市西区八軒3条西5丁目1番1号,学級閉鎖,2017/12/15(金),2017/12/18(月),4年2組24
115,札幌市立光陽小学校,北海道札幌市北区新琴似五条11丁目4番1号,学級閉鎖,2017/12/15(金),2017/12/19(火),1年2組33
116,札幌市立幌南小学校,札幌市中央区南21条西5丁目1-1,学級閉鎖,2017/12/16(土),2017/12/19(火),5年3組30
117,札幌市立二条小学校,北海道札幌市中央区南2条西15丁目,学年閉鎖,2017/12/16(土),2017/12/19(火),1年97
118,札幌市立二条小学校,北海道札幌市中央区南2条西15丁目,学級閉鎖,2017/12/16(土),2017/12/19(火),2年1組28
119,札幌市立新川小学校,札幌市北区新川5条15丁目,学級閉鎖,2017/12/16(土),2017/12/19(火),1年1組34
120,札幌市立札苗北小学校,札幌市東区東苗穂9条3丁目2-3,学年閉鎖,2017/12/16(土),2017/12/19(火),6年120
121,札幌市立札苗北小学校,札幌市東区東苗穂9条3丁目2-3,学級閉鎖,2017/12/16(土),2017/12/19(火),1年4組34
122,札幌市立札苗北小学校,札幌市東区東苗穂9条3丁目2-3,学級閉鎖,2017/12/16(土),2017/12/19(火),4年3組35
123,札幌市立美しが丘緑小学校,札幌市清田区美しが丘4条5丁目8番1号,学年閉鎖,2017/12/16(土),2017/12/20(水),1年23
124,札幌市立苗穂小学校,札幌市東区北9条東13丁目,学級閉鎖,2017/12/19(火),2017/12/20(水),2年2組29
125,札幌市立手稲中央幼稚園,札幌市手稲区手稲本町2条5丁目,学年閉鎖,2017/12/19(火),2017/12/21(木),3歳児にじ組20
126,札幌市立手稲中央幼稚園,札幌市手稲区手稲本町2条5丁目,学年閉鎖,2017/12/19(火),2017/12/21(木),5歳児こだま組28
127,札幌市立幌南小学校,札幌市中央区南21条西5丁目1-1,学級閉鎖,2017/12/19(火),2017/12/21(木),1年1組35
128,札幌市立新川小学校,札幌市北区新川5条15丁目,学級閉鎖,2017/12/19(火),2017/12/21(木),1年2組34
129,札幌市立新川小学校,札幌市北区新川5条15丁目,学級閉鎖,2017/12/19(火),2017/12/21(木),1年3組33
130,札幌市立新川小学校,札幌市北区新川5条15丁目,学級閉鎖,2017/12/19(火),2017/12/21(木),2年2組27
131,札幌市立美香保小学校,札幌市東区北18条東6丁目1-10,学級閉鎖,2017/12/19(火),2017/12/21(木),5年1組32
132,札幌市立札幌小学校,北海道札幌市東区伏古一条二丁目1-31,学級閉鎖,2017/12/19(火),2017/12/21(木),1年2組18
133,札幌市立札苗北小学校,札幌市東区東苗穂9条3丁目2-3,学級閉鎖,2017/12/19(火),2017/12/21(木),3年1組31
134,札幌市立札苗北小学校,札幌市東区東苗穂9条3丁目2-3,学級閉鎖,2017/12/19(火),2017/12/21(木),3年3組33
135,札幌市立栄南小学校,札幌市東区北37条東20丁目3番1号,学年閉鎖,2017/12/19(火),2017/12/21(木),2年93
136,札幌市立栄南小学校,札幌市東区北37条東20丁目3番1号,学級閉鎖,2017/12/19(火),2017/12/21(木),1年3組28
137,札幌市立伏古北小学校,札幌市東区伏古11条1丁目2-10,学年閉鎖,2017/12/19(火),2017/12/21(木),1年70
138,札幌市立上白石小学校,北海道札幌市白石区菊水上町一条三丁目52,学年閉鎖,2017/12/19(火),2017/12/21(木),1年41
139,札幌市立大谷地小学校,札幌市白石区本通18丁目南1-1,学級閉鎖,2017/12/19(火),2017/12/21(木),1年1組29
140,札幌市立大谷地小学校,札幌市白石区本通18丁目南1-1,学級閉鎖,2017/12/19(火),2017/12/21(木),1年3組31
141,札幌市立大谷地小学校,札幌市白石区本通18丁目南1-1,学級閉鎖,2017/12/19(火),2017/12/21(木),2年3組26
142,札幌市立大谷地小学校,札幌市白石区本通18丁目南1-1,学級閉鎖,2017/12/19(火),2017/12/21(木),4年2組39
143,札幌市立東川下小学校,北海道札幌市白石区川下四条3丁目1番1号,学級閉鎖,2017/12/19(火),2017/12/21(木),1年1組25
144,札幌市立しらかば台小学校,札幌市豊平区月寒東4条18丁目10番43号,学級閉鎖,2017/12/19(火),2017/12/21(木),1年1組24
145,札幌市立清田小学校,北海道札幌市清田区清田一条4丁目3-30,学年閉鎖,2017/12/19(火),2017/12/21(木),3年75
146,札幌市立三里塚小学校,北海道札幌市清田区里塚二条六丁目七番一号,学級閉鎖,2017/12/19(火),2017/12/21(木),1年2組34
147,札幌市立三里塚小学校,北海道札幌市清田区里塚二条六丁目七番一号,学級閉鎖,2017/12/19(火),2017/12/21(木),3年2組28
148,札幌市立清田南小学校,北海道札幌市清田区清田5条2丁目18番1号,学級閉鎖,2017/12/19(火),2017/12/21(木),4年3組30
149,札幌市立平岡小学校,札幌市清田区平岡9条2丁目5-1,学級閉鎖,2017/12/19(火),2017/12/21(木),6年1組30
150,札幌市立平岡中央小学校,札幌市清田区平岡5条3丁目9番1号,学級閉鎖,2017/12/19(火),2017/12/21(木),5年1組31
151,札幌市立藻岩北小学校,札幌市南区川沿2条3丁目7-1,学級閉鎖,2017/12/19(火),2017/12/21(木),2年1組27
152,札幌市立手稲東小学校,札幌市西区西野4条3丁目7番1号,学級閉鎖,2017/12/19(火),2017/12/21(木),3年3組30
153,札幌市立手稲東小学校,札幌市西区西野4条3丁目7番1号,学級閉鎖,2017/12/19(火),2017/12/21(木),5年2組32
154,札幌市立二条小学校,北海道札幌市中央区南2条西15丁目,学年閉鎖,2017/12/19(火),2017/12/21(木),3年76
155,札幌市立西岡南小学校,北海道札幌市豊平区西岡4条12丁目7-1,学級閉鎖,2017/12/19(火),2017/12/22(金),2年4組30
156,札幌市立手稲山口小学校,札幌市手稲区曙11条2丁目7番1号,学級閉鎖,2017/12/19(火),2017/12/22(金),4年1組39
157,札幌市立手稲山口小学校,札幌市手稲区曙11条2丁目7番1号,学級閉鎖,2017/12/19(火),2017/12/22(金),6年3組33
158,札幌市立新川小学校,札幌市北区新川5条15丁目,学級閉鎖,2017/12/20(水),2017/12/22(金),2年4組27
159,札幌市立札苗北小学校,札幌市東区東苗穂9条3丁目2-3,学級閉鎖,2017/12/20(水),2017/12/22(金),3年5組34
160,札幌市立北野台小学校,札幌市清田区北野4条5丁目4番80号,学級閉鎖,2017/12/20(水),2017/12/22(金),3年1組28
161,札幌市立手稲山口小学校,札幌市手稲区曙11条2丁目7番1号,学級閉鎖,2017/12/20(水),2017/12/22(金),1年1組34
162,札幌市立新発寒小学校,札幌市手稲区新発寒2条2丁目1115番地307,学級閉鎖,2017/12/20(水),2017/12/22(金),2年1組35
163,札幌市立栄中学校,札幌市東区北46条東6丁目1番1号,学級閉鎖,2017/12/20(水),2017/12/22(金),1年5組32
164,札幌市立丘珠中学校,札幌市東区丘珠町674番地,学級閉鎖,2017/12/20(水),2017/12/22(金),2年2組39
165,札幌市立手稲中学校,札幌市手稲区富丘3条5丁目2-1,学級閉鎖,2017/12/20(水),2017/12/22(金),1年6組30
166,札幌市立北陽小学校,北海道札幌市北区北31条西9丁目2-1,学級閉鎖,2017/12/20(水),2017/12/23(土),4年1組24
167,札幌市立北野台小学校,札幌市清田区北野4条5丁目4番80号,学級閉鎖,2017/12/21(木),2017/12/23(土),5年1組37
168,札幌市立北野台小学校,札幌市清田区北野4条5丁目4番80号,学級閉鎖,2017/12/21(木),2017/12/23(土),6年2組39
169,札幌市立栄中学校,札幌市東区北46条東6丁目1番1号,学級閉鎖,2017/12/21(木),2017/12/23(土),3年1組35
170,札幌市立清田南小学校,北海道札幌市清田区清田5条2丁目18番1号,学級閉鎖,2017/12/20(水),2017/12/24(日),3年2組31
171,札幌市立美園小学校,北海道札幌市豊平区平岸5条7丁目2-21,学級閉鎖,2017/12/21(木),2017/12/24(日),2年2組24
172,札幌市立清田南小学校,北海道札幌市清田区清田5条2丁目18番1号,学級閉鎖,2017/12/21(木),2017/12/24(日),3年1組31
173,札幌市立札幌小学校,北海道札幌市東区伏古一条二丁目1-31,学級閉鎖,2017/12/19(火),2017/12/24(日),1年2組-
174,札幌市立東光小学校,札幌市東区本町2条1丁目2-32,学級閉鎖,2017/12/22(金),2017/12/24(日),5年2組31
175,札幌市立清田南小学校,北海道札幌市清田区清田5条2丁目18番1号,学級閉鎖,2017/12/22(金),2017/12/24(日),6年1組31
176,札幌市立北野台小学校,札幌市清田区北野4条5丁目4番80号,学級閉鎖,2017/12/22(金),2017/12/24(日),1年2組27
177,札幌市立北野台小学校,札幌市清田区北野4条5丁目4番80号,学級閉鎖,2017/12/22(金),2017/12/24(日),1年3組28
178,札幌市立新発寒小学校,札幌市手稲区新発寒2条2丁目1115番地307,学年閉鎖,2017/12/22(金),2017/12/24(日),3年52
179,札幌市立月寒中学校,札幌市豊平区月寒東2条2丁目4-54,学級閉鎖,2018/01/23(火),2018/01/24(水),特別支援学級‐15
180,北海道札幌啓北商業高等学校,札幌市南区石山1条2丁目15-1,学年閉鎖,2018/01/23(火),2018/01/24(水),1年236
181,北海道札幌啓北商業高等学校,札幌市南区石山1条2丁目15-1,学年閉鎖,2018/01/23(火),2018/01/24(水),2年238
182,札幌市立北辰中学校,札幌市北区北18条西2丁目,学級閉鎖,2018/01/23(火),2018/01/25(木),1年4組30
183,札幌市立北陽中学校,札幌市北区北34条西7丁目3番1号,学級閉鎖,2018/01/23(火),2018/01/25(木),1年6組31
184,札幌市立北陽中学校,札幌市北区北34条西7丁目3番1号,学級閉鎖,2018/01/23(火),2018/01/25(木),3年6組35
185,札幌市立新川西中学校,北海道札幌市北区新川4条15丁目1番1号,学級閉鎖,2018/01/23(火),2018/01/25(木),2年2組35
186,札幌市立札苗北中学校,札幌市東区東苗穂10条3丁目16番20号,学年閉鎖,2018/01/23(火),2018/01/25(木),1年235
187,札幌市立東白石中学校,札幌市白石区南郷通15丁目北4番1号,学級閉鎖,2018/01/23(火),2018/01/25(木),1年1組32
188,札幌市立東白石中学校,札幌市白石区南郷通15丁目北4番1号,学級閉鎖,2018/01/23(火),2018/01/25(木),1年5組31
189,札幌市立厚別北中学校,札幌市厚別区厚別町小野幌774番地5,学級閉鎖,2018/01/23(火),2018/01/25(木),1年5組32
190,札幌市立厚別北中学校,札幌市厚別区厚別町小野幌774番地5,学級閉鎖,2018/01/23(火),2018/01/25(木),1年6組32
191,札幌市立西野中学校,北海道札幌市西区西野8条7丁目5番1号,学級閉鎖,2018/01/23(火),2018/01/25(木),2年4組35
192,札幌市立新陵中学校,札幌市手稲区新発寒5条4丁目4番1号,学級閉鎖,2018/01/23(火),2018/01/25(木),1年4組29
193,札幌市立新陵中学校,札幌市手稲区新発寒5条4丁目4番1号,学級閉鎖,2018/01/23(火),2018/01/25(木),2年2組37
194,札幌市立北陽中学校,札幌市北区北34条西7丁目3番1号,学級閉鎖,2018/01/24(水),2018/01/26(金),1年1組31
195,札幌市立北白石中学校,札幌市白石区北郷6条3丁目5番1号,学級閉鎖,2018/01/24(水),2018/01/26(金),2年3組35
196,札幌市立厚別北中学校,札幌市厚別区厚別町小野幌774番地5,学級閉鎖,2018/01/24(水),2018/01/26(金),1年1組32
197,札幌市立藤野中学校,札幌市南区藤野5条6丁目3番1号,学級閉鎖,2018/01/24(水),2018/01/26(金),2年3組34
198,札幌市立東月寒中学校,札幌市豊平区月寒東3条18丁目1-72,学級閉鎖,2018/01/25(木),2018/01/26(金),2年4組35
199,札幌市立藻岩中学校,北海道札幌市南区川沿7条3丁目4番1号,学級閉鎖,2018/01/25(木),2018/01/26(金),2年4組33
200,札幌市立西野中学校,北海道札幌市西区西野8条7丁目5番1号,学級閉鎖,2018/01/25(木),2018/01/26(金),2年2組35
201,札幌市立札苗北中学校,札幌市東区東苗穂10条3丁目16番20号,学級閉鎖,2018/01/25(木),2018/01/27(土),2年7組34
202,札幌市立新川西中学校,北海道札幌市北区新川4条15丁目1番1号,学級閉鎖,2018/01/23(火),2018/01/28(日),2年2組-
203,札幌市立西野中学校,北海道札幌市西区西野8条7丁目5番1号,学級閉鎖,2018/01/26(金),2018/01/28(日),1年3組31
204,札幌市立新陵中学校,札幌市手稲区新発寒5条4丁目4番1号,学級閉鎖,2018/01/26(金),2018/01/28(日),1年2組29
205,札幌市立新陵中学校,札幌市手稲区新発寒5条4丁目4番1号,学級閉鎖,2018/01/26(金),2018/01/28(日),1年3組29
206,北海道札幌平岸高等学校,札幌市豊平区平岸5条18丁目1番2号,学級閉鎖,2018/01/26(金),2018/01/28(日),1年6組40
207,札幌市立厚別北中学校,札幌市厚別区厚別町小野幌774番地5,学級閉鎖,2018/01/27(土),2018/01/28(日),1年6組32
208,札幌市立北白石中学校,札幌市白石区北郷6条3丁目5番1号,学級閉鎖,2018/01/26(金),2018/01/29(月),1年2組31
209,札幌市立北白石中学校,札幌市白石区北郷6条3丁目5番1号,学級閉鎖,2018/01/26(金),2018/01/29(月),1年4組31
210,札幌市立新川中央小学校,札幌市北区新川3条3丁目2番1号,学級閉鎖,2018/01/27(土),2018/01/29(月),6年1組36
211,札幌市立小野幌小学校,北海道札幌市厚別区厚別東2条4丁目5番1号,学級閉鎖,2018/01/27(土),2018/01/29(月),1年2組30
212,札幌市立明園中学校,北海道札幌市東区北22条東12丁目1番1号,学級閉鎖,2018/01/27(土),2018/01/29(月),1年4組28
213,札幌市立札苗北中学校,札幌市東区東苗穂10条3丁目16番20号,学級閉鎖,2018/01/27(土),2018/01/29(月),1年1組34
214,札幌市立札苗北中学校,札幌市東区東苗穂10条3丁目16番20号,学級閉鎖,2018/01/27(土),2018/01/29(月),1年3組33
215,札幌市立札苗北中学校,札幌市東区東苗穂10条3丁目16番20号,学級閉鎖,2018/01/27(土),2018/01/29(月),1年6組33
216,札幌市立札苗北中学校,札幌市東区東苗穂10条3丁目16番20号,学級閉鎖,2018/01/27(土),2018/01/29(月),2年5組35
217,札幌市立東山小学校,札幌市豊平区平岸4条11丁目6-1,学級閉鎖,2018/01/27(土),2018/01/30(火),1年1組27
218,札幌市立東山小学校,札幌市豊平区平岸4条11丁目6-1,学級閉鎖,2018/01/27(土),2018/01/30(火),3年1組39
219,札幌市立山の手南小学校,北海道札幌市西区山の手一条9丁目,学級閉鎖,2018/01/27(土),2018/01/30(火),5年2組31
220,札幌市立陵陽中学校,札幌市豊平区平岸6条11丁目1番25号,学級閉鎖,2018/01/27(土),2018/01/30(火),1年1組34
221,札幌市立陵陽中学校,札幌市豊平区平岸6条11丁目1番25号,学級閉鎖,2018/01/27(土),2018/01/30(火),1年4組32
222,札幌市立元町北小学校,北海道札幌市東区北31条東14丁目1番1号,学級閉鎖,2018/01/27(土),2018/01/31(水),2年1組34
223,札幌市立伏古小学校,北海道札幌市東区伏古8条5丁目2-1,学級閉鎖,2018/01/30(火),2018/01/31(水),6年1組29
224,札幌市立平岡中央中学校,札幌市清田区平岡5条4丁目7番1号,学級閉鎖,2018/01/30(火),2018/01/31(水),2年4組34
225,札幌市立西野中学校,北海道札幌市西区西野8条7丁目5番1号,学級閉鎖,2018/01/30(火),2018/01/31(水),1年3組31
226,札幌市立伏見小学校,札幌市中央区南18条西15丁目1-1,学級閉鎖,2018/01/30(火),2018/02/01(木),5年1組34
227,札幌市立山鼻南小学校,札幌市中央区南29条西12丁目1番1号,学年閉鎖,2018/01/30(火),2018/02/01(木),1年46
228,札幌市立山鼻南小学校,札幌市中央区南29条西12丁目1番1号,学年閉鎖,2018/01/30(火),2018/02/01(木),2年52
229,札幌市立山鼻南小学校,札幌市中央区南29条西12丁目1番1号,学年閉鎖,2018/01/30(火),2018/02/01(木),4年49
230,札幌市立篠路小学校,札幌市北区篠路4条9丁目3番1号,学年閉鎖,2018/01/30(火),2018/02/01(木),3年80
231,札幌市立太平小学校,北海道札幌市北区篠路一条二丁目6-20,学級閉鎖,2018/01/30(火),2018/02/01(木),2年1組24
232,札幌市立あいの里東小学校,北海道札幌市北区あいの里三条七丁目11-1,学級閉鎖,2018/01/30(火),2018/02/01(木),2年1組24
233,札幌市立あいの里東小学校,北海道札幌市北区あいの里三条七丁目11-1,学級閉鎖,2018/01/30(火),2018/02/01(木),2年2組23
234,札幌市立あいの里東小学校,北海道札幌市北区あいの里三条七丁目11-1,学級閉鎖,2018/01/30(火),2018/02/01(木),3年1組32
235,札幌市立苗穂小学校,札幌市東区北9条東13丁目,学級閉鎖,2018/01/30(火),2018/02/01(木),1年1組35
236,札幌市立丘珠小学校,札幌市東区丘珠町593番地3,学年閉鎖,2018/01/30(火),2018/02/01(木),2年41
237,札幌市立札苗小学校,札幌市東区東苗穂7条2丁目3番1号,学年閉鎖,2018/01/30(火),2018/02/01(木),1年58
238,札幌市立栄小学校,札幌市東区北42条東10丁目,学級閉鎖,2018/01/30(火),2018/02/01(木),2年1組30
239,札幌市立栄北小学校,札幌市東区北47条東6丁目1番1号,学級閉鎖,2018/01/30(火),2018/02/01(木),1年2組33
240,札幌市立東光小学校,札幌市東区本町2条1丁目2-32,学級閉鎖,2018/01/30(火),2018/02/01(木),2年2組35
241,札幌市立栄緑小学校,札幌市東区北51条東10丁目1-1,学級閉鎖,2018/01/30(火),2018/02/01(木),3年2組21
242,札幌市立白石小学校,札幌市白石区本通1丁目北4番1号,学級閉鎖,2018/01/30(火),2018/02/01(木),1年3組28
243,札幌市立大谷地小学校,札幌市白石区本通18丁目南1-1,学級閉鎖,2018/01/30(火),2018/02/01(木),4年1組36
244,札幌市立東白石小学校,札幌市白石区本通14丁目南6-1,学級閉鎖,2018/01/30(火),2018/02/01(木),6年1組31
245,札幌市立南白石小学校,北海道札幌市白石区南郷通2丁目南6-35,学年閉鎖,2018/01/30(火),2018/02/01(木),3年35
246,札幌市立信濃小学校,札幌市厚別区厚別中央4条3丁目6-1,学年閉鎖,2018/01/30(火),2018/02/01(木),1年113
247,札幌市立小野幌小学校,北海道札幌市厚別区厚別東2条4丁目5番1号,学級閉鎖,2018/01/30(火),2018/02/01(木),2年3組29
248,札幌市立小野幌小学校,北海道札幌市厚別区厚別東2条4丁目5番1号,学級閉鎖,2018/01/30(火),2018/02/01(木),2年4組29
249,札幌市立小野幌小学校,北海道札幌市厚別区厚別東2条4丁目5番1号,学級閉鎖,2018/01/30(火),2018/02/01(木),5年2組27
250,札幌市立共栄小学校,北海道札幌市厚別区厚別南2丁目21-22,学級閉鎖,2018/01/30(火),2018/02/01(木),4年2組34
251,札幌市立厚別西小学校,札幌市厚別区厚別西3条1丁目3番1号,学級閉鎖,2018/01/30(火),2018/02/01(木),2年1組29
252,札幌市立厚別北小学校,札幌市厚別区厚別北2条3丁目3-1,学級閉鎖,2018/01/30(火),2018/02/01(木),3年2組33
253,大谷地東小学校,北海道札幌市厚別区大谷地東5丁目8番1号,学級閉鎖,2018/01/30(火),2018/02/01(木),2年3組26
254,札幌市立厚別通小学校,札幌市厚別区厚別西4条3丁目10-30,学年閉鎖,2018/01/30(火),2018/02/01(木),5年72
255,札幌市立厚別通小学校,札幌市厚別区厚別西4条3丁目10-30,学級閉鎖,2018/01/30(火),2018/02/01(木),2年1組29
256,札幌市立上野幌東小学校,札幌市厚別区上野幌2条4丁目,学級閉鎖,2018/01/30(火),2018/02/01(木),6年2組32
257,札幌市立厚別東小学校,札幌市厚別区厚別東4条8丁目1-1,学級閉鎖,2018/01/30(火),2018/02/01(木),2年1組30
258,札幌市立東山小学校,札幌市豊平区平岸4条11丁目6-1,学級閉鎖,2018/01/30(火),2018/02/01(木),1年3組27
259,札幌市立東山小学校,札幌市豊平区平岸4条11丁目6-1,学級閉鎖,2018/01/30(火),2018/02/01(木),2年2組24
260,札幌市立清田南小学校,北海道札幌市清田区清田5条2丁目18番1号,学級閉鎖,2018/01/30(火),2018/02/01(木),1年1組26
261,札幌市立平岡中央小学校,札幌市清田区平岡5条3丁目9番1号,学級閉鎖,2018/01/30(火),2018/02/01(木),4年2組31
262,札幌市立簾舞小学校,札幌市南区簾舞1条4丁目,学年閉鎖,2018/01/30(火),2018/02/01(木),1年36
263,札幌市立藤野小学校,札幌市南区藤野2条7丁目7番1号,学年閉鎖,2018/01/30(火),2018/02/01(木),1年34
264,札幌市立石山南小学校,札幌市南区石山2条8丁目8-1,学年閉鎖,2018/01/30(火),2018/02/01(木),6年39
265,札幌市立琴似小学校,北海道札幌市西区琴似2条7丁目1-30,学級閉鎖,2018/01/30(火),2018/02/01(木),2年2組26
266,札幌市立琴似中央小学校,札幌市西区八軒7条東1丁目,学級閉鎖,2018/01/30(火),2018/02/01(木),1年3組24
267,札幌市立琴似中央小学校,札幌市西区八軒7条東1丁目,学級閉鎖,2018/01/30(火),2018/02/01(木),5年1組31
268,札幌市立発寒小学校,札幌市西区発寒10条4丁目1番62号,学級閉鎖,2018/01/30(火),2018/02/01(木),1年3組32
269,札幌市立手稲東小学校,札幌市西区西野4条3丁目7番1号,学級閉鎖,2018/01/30(火),2018/02/01(木),1年3組27
270,札幌市立二十四軒小学校,札幌市西区二十四軒二条3丁目1番37号,学級閉鎖,2018/01/30(火),2018/02/01(木),5年2組36
271,札幌市立山の手南小学校,北海道札幌市西区山の手一条9丁目,学級閉鎖,2018/01/30(火),2018/02/01(木),2年2組25
272,札幌市立手稲北小学校,北海道札幌市手稲区手稲山口653の2,学級閉鎖,2018/01/30(火),2018/02/01(木),2年1組30
273,札幌市立富丘小学校,北海道札幌市手稲区富丘一条6丁目4番1号,学級閉鎖,2018/01/30(火),2018/02/01(木),3年2組39
274,札幌市立新発寒小学校,札幌市手稲区新発寒2条2丁目1115番地307,学級閉鎖,2018/01/30(火),2018/02/01(木),2年1組35
275,札幌市立新陵東小学校,札幌市手稲区新発寒5条4丁目2-1,学年閉鎖,2018/01/30(火),2018/02/01(木),1年44
276,札幌市立新陵東小学校,札幌市手稲区新発寒5条4丁目2-1,学年閉鎖,2018/01/30(火),2018/02/01(木),2年51
277,札幌市立星置東小学校,札幌市手稲区星置2条1丁目6-1,学級閉鎖,2018/01/30(火),2018/02/01(木),2年3組30
278,札幌市立向陵中学校,札幌市中央区北4条西28丁目1-30,学級閉鎖,2018/01/30(火),2018/02/01(木),1年5組33
279,札幌市立篠路中学校,札幌市北区篠路町篠路368番地,学級閉鎖,2018/01/30(火),2018/02/01(木),1年5組31
280,札幌市立あいの里東中学校,札幌市北区あいの里2条7丁目14番1号,学級閉鎖,2018/01/30(火),2018/02/01(木),1年5組32
281,札幌市立東栄中学校,札幌市東区本町1条7丁目2番7号,学級閉鎖,2018/01/30(火),2018/02/01(木),1年1組33
282,札幌市立明園中学校,北海道札幌市東区北22条東12丁目1番1号,学級閉鎖,2018/01/30(火),2018/02/01(木),1年3組29
283,札幌市立札苗中学校,札幌市東区東苗穂7条1丁目1番1号,学級閉鎖,2018/01/30(火),2018/02/01(木),1年2組34
284,札幌市立札苗中学校,札幌市東区東苗穂7条1丁目1番1号,学級閉鎖,2018/01/30(火),2018/02/01(木),2年1組33
285,札幌市立札苗中学校,札幌市東区東苗穂7条1丁目1番1号,学級閉鎖,2018/01/30(火),2018/02/01(木),2年5組33
286,札幌市立北白石中学校,札幌市白石区北郷6条3丁目5番1号,学級閉鎖,2018/01/30(火),2018/02/01(木),1年3組31
287,札幌市立北白石中学校,札幌市白石区北郷6条3丁目5番1号,学級閉鎖,2018/01/30(火),2018/02/01(木),2年5組35
288,札幌市立厚別北中学校,札幌市厚別区厚別町小野幌774番地5,学級閉鎖,2018/01/30(火),2018/02/01(木),1年2組33
289,札幌市立月寒中学校,札幌市豊平区月寒東2条2丁目4-54,学級閉鎖,2018/01/30(火),2018/02/01(木),1年4組35
290,札幌市立月寒中学校,札幌市豊平区月寒東2条2丁目4-54,学級閉鎖,2018/01/30(火),2018/02/01(木),2年1組38
291,札幌市立西岡中学校,札幌市豊平区西岡3条12丁目1番1号,学級閉鎖,2018/01/30(火),2018/02/01(木),2年3組39
292,札幌市立中の島中学校,札幌市豊平区中の島2条3丁目9番1号,学年閉鎖,2018/01/30(火),2018/02/01(木),1年139
293,札幌市立中の島中学校,札幌市豊平区中の島2条3丁目9番1号,学級閉鎖,2018/01/30(火),2018/02/01(木),2年3組32
294,札幌市立清田中学校,札幌市清田区清田3条3丁目7番1号,学級閉鎖,2018/01/30(火),2018/02/01(木),1年6組33
295,札幌市立清田中学校,札幌市清田区清田3条3丁目7番1号,学級閉鎖,2018/01/30(火),2018/02/01(木),2年5組37
296,札幌市立西野中学校,北海道札幌市西区西野8条7丁目5番1号,学級閉鎖,2018/01/30(火),2018/02/01(木),1年6組31
297,札幌市立和光小学校,札幌市北区北34条西7丁目3番2号,学級閉鎖,2018/01/30(火),2018/02/01(木),2年2組23
298,札幌市立羊丘小学校,札幌市豊平区月寒東1条16丁目,学級閉鎖,2018/01/30(火),2018/02/01(木),1年2組25
299,札幌市立八軒北小学校,札幌市西区8条西6丁目,学級閉鎖,2018/01/30(火),2018/02/01(木),6年2組39
300,札幌市立新川中学校,札幌市北区新川4条3丁目1-1,学級閉鎖,2018/01/31(水),2018/02/01(木),2年3組38
301,札幌市立西岡北中学校,北海道札幌市豊平区西岡3条8丁目1-1,学級閉鎖,2018/01/31(水),2018/02/01(木),2年1組36
302,札幌市立稲陵中学校,札幌市手稲区曙7条2丁目6-50,学級閉鎖,2018/01/31(水),2018/02/01(木),1年2組33
303,札幌市立小野幌小学校,北海道札幌市厚別区厚別東2条4丁目5番1号,学年閉鎖,2018/02/01(木),2018/02/01(木),2年58
304,札幌市立鴻城小学校,札幌市北区あいの里3条6丁目2-1,学級閉鎖,2018/01/30(火),2018/02/02(金),3年1組36
305,札幌市立新琴似西小学校,札幌市北区新琴似11条15丁目,学級閉鎖,2018/01/30(火),2018/02/02(金),1年1組24
306,札幌市立新琴似西小学校,札幌市北区新琴似11条15丁目,学級閉鎖,2018/01/30(火),2018/02/02(金),1年2組26
307,札幌市立北陽小学校,北海道札幌市北区北31条西9丁目2-1,学級閉鎖,2018/01/30(火),2018/02/02(金),1年1組32
308,札幌市立北陽小学校,北海道札幌市北区北31条西9丁目2-1,学級閉鎖,2018/01/30(火),2018/02/02(金),2年1組26
309,札幌市立百合が原小学校,札幌市北区百合が原6丁目5番1号,学級閉鎖,2018/01/30(火),2018/02/02(金),1年2組26
310,札幌市立上野幌小学校,札幌市厚別区厚別南7丁目9番1号,学年閉鎖,2018/01/30(火),2018/02/02(金),5年34
311,札幌市立山の手小学校,札幌市西区山の手5条6丁目1-1,学級閉鎖,2018/01/30(火),2018/02/02(金),2年2組33
312,札幌市立稲積小学校,札幌市手稲区前田5条7丁目1-1,学級閉鎖,2018/01/30(火),2018/02/02(金),5年2組29
313,札幌市立新川小学校,札幌市北区新川5条15丁目,学級閉鎖,2018/01/31(水),2018/02/02(金),2年2組28
314,札幌市立新琴似緑小学校,北海道札幌市北区新琴似十条十一丁目,学級閉鎖,2018/01/31(水),2018/02/02(金),4年1組39
315,札幌市立あいの里東小学校,北海道札幌市北区あいの里三条七丁目,学級閉鎖,2018/01/31(水),2018/02/02(金),1年1組26
316,札幌市立あいの里東小学校,北海道札幌市北区あいの里三条七丁目,学級閉鎖,2018/01/31(水),2018/02/02(金),1年2組26
317,札幌市立栄小学校,札幌市東区北42条東10丁目,学級閉鎖,2018/01/31(水),2018/02/02(金),2年2組27
318,札幌市立東光小学校,札幌市東区本町2条1丁目2-32,学級閉鎖,2018/01/31(水),2018/02/02(金),4年1組30
319,札幌市立小野幌小学校,北海道札幌市厚別区厚別東2条4丁目5番1号,学級閉鎖,2018/01/31(水),2018/02/02(金),4年1組31
320,札幌市立共栄小学校,北海道札幌市厚別区厚別南2丁目21-22,学級閉鎖,2018/01/31(水),2018/02/02(金),3年1組27
321,札幌市立共栄小学校,北海道札幌市厚別区厚別南2丁目21-22,学級閉鎖,2018/01/31(水),2018/02/02(金),4年1組32
322,札幌市立共栄小学校,北海道札幌市厚別区厚別南2丁目21-22,学級閉鎖,2018/01/31(水),2018/02/02(金),4年3組33
323,札幌市立厚別通小学校,札幌市厚別区厚別西4条3丁目10-30,学級閉鎖,2018/01/31(水),2018/02/02(金),2年2組28
324,札幌市立厚別通小学校,札幌市厚別区厚別西4条3丁目10-30,学級閉鎖,2018/01/31(水),2018/02/02(金),3年1組36
325,札幌市立美園小学校,北海道札幌市豊平区平岸5条7丁目2-21,学級閉鎖,2018/01/31(水),2018/02/02(金),3年3組28
326,札幌市立東山小学校,札幌市豊平区平岸4条11丁目6-1,学級閉鎖,2018/01/31(水),2018/02/02(金),1年2組28
327,札幌市立みどり小学校,札幌市豊平区美園5条2丁目2-1,学級閉鎖,2018/01/31(水),2018/02/02(金),3年1組28
328,札幌市立清田小学校,札幌市清田区清田1条4丁目,学級閉鎖,2018/01/31(火),2018/02/02(金),1年1組34
329,札幌市立藤野小学校,札幌市南区藤野2条7丁目7番1号,学年閉鎖,2018/01/31(水),2018/02/02(金),3年36
330,札幌市立藤野小学校,札幌市南区藤野2条7丁目7番1号,学年閉鎖,2018/01/31(水),2018/02/02(金),4年46
331,札幌市立藤野南小学校,札幌市南区藤野4条6丁目26番地1号,学級閉鎖,2018/01/31(水),2018/02/02(金),4年1組34
332,札幌市立手稲東小学校,札幌市西区西野4条3丁目7番1号,学級閉鎖,2018/01/31(水),2018/02/02(金),1年2組28
333,札幌市立手稲東小学校,札幌市西区西野4条3丁目7番1号,学級閉鎖,2018/01/31(水),2018/02/02(金),1年4組28
334,札幌市立手稲山口小学校,札幌市手稲区曙11条2丁目7番1号,学級閉鎖,2018/01/31(水),2018/02/02(金),3年2組31
335,札幌市立篠路西中学校,北海道札幌市北区篠路6条2丁目1番50号,学級閉鎖,2018/01/31(水),2018/02/02(金),1年2組28
336,札幌市立篠路西中学校,北海道札幌市北区篠路6条2丁目1番50号,学級閉鎖,2018/01/31(水),2018/02/02(金),1年3組29
337,札幌市立札幌中学校,札幌市東区伏古8条1丁目1番28号,学級閉鎖,2018/01/31(水),2018/02/02(金),2年4組35
338,札幌市立東栄中学校,札幌市東区本町1条7丁目2番7号,学級閉鎖,2018/01/31(水),2018/02/02(金),1年2組33
339,札幌市立明園中学校,北海道札幌市東区北22条東12丁目1番1号,学年閉鎖,2018/01/31(水),2018/02/02(金),1年86
340,札幌市立月寒中学校,札幌市豊平区月寒東2条2丁目4-54,学級閉鎖,2018/01/31(水),2018/02/02(金),2年2組38
341,札幌市立月寒中学校,札幌市豊平区月寒東2条2丁目4-54,学級閉鎖,2018/01/31(水),2018/02/02(金),2年3組38
342,札幌市立東月寒中学校,札幌市豊平区月寒東3条18丁目1-72,学級閉鎖,2018/01/31(水),2018/02/02(金),2年3組36
343,札幌市立中の島中学校,札幌市豊平区中の島2条3丁目9番1号,学級閉鎖,2018/01/31(水),2018/02/02(金),2年4組33
344,札幌市立西野中学校,北海道札幌市西区西野8条7丁目5番1号,学級閉鎖,2018/01/31(水),2018/02/02(金),1年1組31
345,札幌市立西野中学校,北海道札幌市西区西野8条7丁目5番1号,学級閉鎖,2018/01/31(水),2018/02/02(金),1年5組31
346,札幌市立福井野中学校,札幌市西区福井6丁目12番10号,学級閉鎖,2018/01/31(水),2018/02/02(金),2年4組32
347,札幌市立あいの里東小学校,北海道札幌市北区あいの里三条七丁目,学級閉鎖,2018/02/01(木),2018/02/02(金),2年3組24
348,札幌市立あいの里東小学校,北海道札幌市北区あいの里三条七丁目,学級閉鎖,2018/02/01(木),2018/02/02(金),3年2組32
349,札幌市立東山小学校,札幌市豊平区平岸4条11丁目6-1,学級閉鎖,2018/02/01(木),2018/02/02(金),1年1組27
350,札幌市立東山小学校,札幌市豊平区平岸4条11丁目6-1,学級閉鎖,2018/02/01(木),2018/02/02(金),3年1組39
351,札幌市立東山小学校,札幌市豊平区平岸4条11丁目6-1,学級閉鎖,2018/02/01(木),2018/02/02(金),4年1組30
352,札幌市立東山小学校,札幌市豊平区平岸4条11丁目6-1,学級閉鎖,2018/02/01(木),2018/02/02(金),5年1組35
353,札幌市立北野小学校,札幌市清田区北野3条2丁目10-1,学級閉鎖,2018/02/01(木),2018/02/02(金),2年1組31
354,札幌市立北都中学校,札幌市白石区川下749番地56,学級閉鎖,2018/02/01(木),2018/02/02(金),1年1組30
355,札幌市立陵北中学校,札幌市西区二十四軒2条3丁目1番23号,学級閉鎖,2018/02/01(木),2018/02/02(金),2年3組34
356,札幌市立共栄小学校,北海道札幌市厚別区厚別南2丁目21-22,学級閉鎖,2018/01/31(水),2018/02/02(金),4年2組-
357,札幌市立山の手南小学校,北海道札幌市西区山の手一条9丁目,学級閉鎖,2018/01/30(火),2018/02/02(金),2年2組-
358,札幌市立百合が原小学校,札幌市北区百合が原6丁目5番1号,学級閉鎖,2018/01/31(水),2018/02/03(土),1年1組24
359,札幌市立東園小学校,北海道札幌市豊平区豊平一条12丁目1番1号,学級閉鎖,2018/01/31(水),2018/02/03(土),4年2組36
360,札幌市立山の手小学校,札幌市西区山の手5条6丁目,学級閉鎖,2018/01/31(水),2018/02/03(土),4年1組31
361,札幌市立山の手小学校,札幌市西区山の手5条6丁目,学級閉鎖,2018/01/31(水),2018/02/03(土),4年3組31
362,札幌市立北九条小学校,札幌市北区北9条西1丁目,学年閉鎖,2018/02/01(木),2018/02/03(土),5年78
363,札幌市立北九条小学校,札幌市北区北9条西1丁目,学級閉鎖,2018/02/01(木),2018/02/03(土),1年3組33
364,札幌市立北九条小学校,札幌市北区北9条西1丁目,学級閉鎖,2018/02/01(木),2018/02/03(土),3年1組28
365,札幌市立栄北小学校,札幌市東区北47条東6丁目1番1号,学級閉鎖,2018/02/01(木),2018/02/03(土),知的障がい学級1組8
366,札幌市立栄北小学校,札幌市東区北47条東6丁目1番1号,学級閉鎖,2018/02/01(木),2018/02/03(土),知的障がい学級2組2
367,札幌市立栄北小学校,札幌市東区北47条東6丁目1番1号,学級閉鎖,2018/02/01(木),2018/02/03(土),自閉症・情緒障がい学8
368,札幌市立栄北小学校,札幌市東区北47条東6丁目1番1号,学級閉鎖,2018/02/01(木),2018/02/03(土),自閉症・情緒障がい学5
369,札幌市立東光小学校,札幌市東区本町2条1丁目2-32,学級閉鎖,2018/02/01(木),2018/02/03(土),2年1組35
370,札幌市立東川下小学校,北海道札幌市白石区川下四条3丁目1番1号,学級閉鎖,2018/02/01(木),2018/02/03(土),1年1組24
371,札幌市立厚別北小学校,札幌市厚別区厚別北2条3丁目3-1,学級閉鎖,2018/02/01(木),2018/02/03(土),2年2組28
372,札幌市立厚別通小学校,札幌市厚別区厚別西4条3丁目10-30,学年閉鎖,2018/02/01(木),2018/02/03(土),1年71
373,札幌市立厚別通小学校,札幌市厚別区厚別西4条3丁目10-30,学級閉鎖,2018/02/01(木),2018/02/03(土),4年1組41
374,札幌市立厚別通小学校,札幌市厚別区厚別西4条3丁目10-30,学級閉鎖,2018/02/01(木),2018/02/03(土),6年2組31
375,札幌市立藤野小学校,札幌市南区藤野2条7丁目7番1号,学年閉鎖,2018/02/01(木),2018/02/03(土),5年41
376,札幌市立北陽中学校,札幌市北区北34条西7丁目3番1号,学級閉鎖,2018/02/01(木),2018/02/03(土),1年3組32
377,札幌市立厚別北中学校,札幌市厚別区厚別町小野幌774番地5,学級閉鎖,2018/02/01(木),2018/02/03(土),1年1組32
378,札幌市立月寒中学校,札幌市豊平区月寒東2条2丁目4-54,学級閉鎖,2018/02/01(木),2018/02/03(土),1年3組34
379,札幌市立月寒中学校,札幌市豊平区月寒東2条2丁目4-54,学級閉鎖,2018/02/01(木),2018/02/03(土),2年5組38
380,札幌市立西岡中学校,札幌市豊平区西岡3条12丁目1番1号,学級閉鎖,2018/02/01(木),2018/02/03(土),1年1組31
381,札幌市立中の島小学校,札幌市豊平区中の島2条1丁目1-22,学級閉鎖,2018/01/31(水),2018/02/04(日),1年3組32
382,札幌市立元町中学校,北海道札幌市東区北28条東20丁目1-1,学級閉鎖,2018/01/31(水),2018/02/04(日),1年3組34
383,札幌市立伏見小学校,札幌市中央区南18条西15丁目1-1,学級閉鎖,2018/02/01(木),2018/02/04(日),4年2組33
384,札幌市立大谷地小学校,札幌市白石区本通18丁目南1-1,学級閉鎖,2018/02/01(木),2018/02/04(日),5年2組38
385,札幌市立本通小学校,北海道札幌市白石区平和通9丁目南1番1号,学級閉鎖,2018/02/01(木),2018/02/04(日),1年1組30
386,札幌市立本通小学校,北海道札幌市白石区平和通9丁目南1番1号,学級閉鎖,2018/02/01(木),2018/02/04(日),5年3組27
387,札幌市立小野幌小学校,北海道札幌市厚別区厚別東2条4丁目5番1号,学級閉鎖,2018/02/01(木),2018/02/04(日),2年1組30
388,札幌市立小野幌小学校,北海道札幌市厚別区厚別東2条4丁目5番1号,学級閉鎖,2018/02/01(木),2018/02/04(日),2年2組28
389,札幌市立小野幌小学校,北海道札幌市厚別区厚別東2条4丁目5番1号,学級閉鎖,2018/02/01(木),2018/02/04(日),6年1組31
390,札幌市立青葉小学校,札幌市厚別区青葉町6丁目,学級閉鎖,2018/02/01(木),2018/02/04(日),3年2組26
391,札幌市立中の島小学校,札幌市豊平区中の島2条1丁目1-22,学年閉鎖,2018/02/01(木),2018/02/04(日),1年64
392,札幌市立山の手小学校,札幌市西区山の手5条6丁目,学級閉鎖,2018/02/01(木),2018/02/04(日),1年2組27
393,札幌市立稲積小学校,札幌市手稲区前田5条7丁目,学年閉鎖,2018/02/01(木),2018/02/04(日),5年30
394,札幌市立札苗中学校,札幌市東区東苗穂7条1丁目1番1号,学級閉鎖,2018/02/01(木),2018/02/04(日),2年4組33
395,札幌市立栄町中学校,北海道札幌市東区北36条東14丁目1番1号,学級閉鎖,2018/02/01(木),2018/02/04(日),1年2組32
396,札幌市立青葉中学校,札幌市厚別区青葉町10丁目1番1号,学年閉鎖,2018/02/01(木),2018/02/04(日),1年62
397,札幌市立北九条小学校,札幌市北区北9条西1丁目,学級閉鎖,2018/02/02(金),2018/02/04(日),2年2組29
398,札幌市立札苗小学校,札幌市東区東苗穂7条2丁目3番1号,学級閉鎖,2018/02/02(金),2018/02/04(日),1年2組-
399,札幌市立栄小学校,札幌市東区北42条東10丁目,学年閉鎖,2018/02/02(金),2018/02/04(日),1年62
400,札幌市立栄小学校,札幌市東区北42条東10丁目,学級閉鎖,2018/02/02(金),2018/02/04(日),3年1組32
401,札幌市立東白石小学校,札幌市白石区本通14丁目南6-1,学級閉鎖,2018/02/02(金),2018/02/04(日),6年2組31
402,札幌市立しらかば台小学校,札幌市豊平区月寒東4条18丁目10番43号,学級閉鎖,2018/02/02(金),2018/02/04(日),3年2組39
403,札幌市立伏見中学校,札幌市中央区南16条西17丁目1番35号,学級閉鎖,2018/02/02(金),2018/02/04(日),1年1組34
404,札幌市立北辰中学校,札幌市北区北18条西2丁目,学級閉鎖,2018/02/02(金),2018/02/04(日),1年2組31
405,札幌市立新川西中学校,北海道札幌市北区新川4条15丁目1番1号,学級閉鎖,2018/02/02(金),2018/02/04(日),1年3組35
406,札幌市立元町中学校,北海道札幌市東区北28条東20丁目1-1,学級閉鎖,2018/02/02(金),2018/02/04(日),2年1組37
407,札幌市立信濃中学校,札幌市厚別区厚別中央3条2丁目3番1号,学級閉鎖,2018/02/02(金),2018/02/04(日),1年3組35
408,札幌市立厚別北中学校,札幌市厚別区厚別町小野幌774番地5,学級閉鎖,2018/02/02(金),2018/02/04(日),1年4組32
409,札幌市立月寒中学校,札幌市豊平区月寒東2条2丁目4-54,学級閉鎖,2018/02/02(金),2018/02/04(日),3年5組36
410,札幌市立八軒中学校,北海道札幌市西区八軒8条西8丁目1番1号,学級閉鎖,2018/02/02(金),2018/02/04(日),1年4組33
411,札幌市立稲陵中学校,札幌市手稲区曙7条2丁目6-50,学級閉鎖,2018/02/02(金),2018/02/04(日),1年1組33
412,札幌市立稲陵中学校,札幌市手稲区曙7条2丁目6-50,学級閉鎖,2018/01/31(水),2018/02/04(日),1年2組-
413,札幌市立苗穂小学校,札幌市東区北9条東13丁目,学級閉鎖,2018/02/02(金),2018/02/04(日),1年2組34
414,札幌市立篠路中学校,札幌市北区篠路町篠路368番地,学級閉鎖,2018/02/03(土),2018/02/04(日),1年5組31
415,札幌市立和光小学校,札幌市北区北34条西7丁目3番2号,学級閉鎖,2018/02/02(金),2018/02/05(月),2年3組24
416,札幌市立和光小学校,札幌市北区北34条西7丁目3番2号,学級閉鎖,2018/02/02(金),2018/02/05(月),6年2組32
417,札幌市立あいの里東小学校,北海道札幌市北区あいの里三条七丁目,学級閉鎖,2018/02/02(金),2018/02/05(月),5年2組31
418,札幌市立あいの里東小学校,北海道札幌市北区あいの里三条七丁目,学級閉鎖,2018/02/02(金),2018/02/05(月),6年2組33
419,札幌市立百合が原小学校,札幌市北区百合が原6丁目5番1号,学級閉鎖,2018/02/02(金),2018/02/05(月),1年3組25
420,札幌市立菊水小学校,北海道札幌市白石区菊水元町2条3丁目2-14,学級閉鎖,2018/02/02(金),2018/02/05(月),1年2組33
421,札幌市立菊水小学校,北海道札幌市白石区菊水元町2条3丁目2-14,学級閉鎖,2018/02/02(金),2018/02/05(月),2年1組36
422,札幌市立青葉小学校,札幌市厚別区青葉町6丁目,学級閉鎖,2018/02/02(金),2018/02/05(月),3年1組26
423,札幌市立青葉小学校,札幌市厚別区青葉町6丁目,学級閉鎖,2018/02/02(金),2018/02/05(月),6年2組21
424,札幌市立共栄小学校,北海道札幌市厚別区厚別南2丁目21-22,学級閉鎖,2018/02/02(金),2018/02/05(月),1年1組33
425,札幌市立共栄小学校,北海道札幌市厚別区厚別南2丁目21-22,学級閉鎖,2018/02/02(金),2018/02/05(月),3年2組26
426,札幌市立共栄小学校,北海道札幌市厚別区厚別南2丁目21-22,学級閉鎖,2018/02/02(金),2018/02/05(月),5年1組29
427,札幌市立共栄小学校,北海道札幌市厚別区厚別南2丁目21-22,学級閉鎖,2018/02/02(金),2018/02/05(月),5年2組30
428,札幌市立東山小学校,札幌市豊平区平岸4条11丁目6-1,学級閉鎖,2018/02/02(金),2018/02/05(月),2年1組26
429,札幌市立東山小学校,札幌市豊平区平岸4条11丁目6-1,学級閉鎖,2018/02/02(金),2018/02/05(月),3年2組38
430,札幌市立簾舞小学校,札幌市南区簾舞1条4丁目,学年閉鎖,2018/02/02(金),2018/02/05(月),6年31
431,札幌市立稲積小学校,札幌市手稲区前田5条7丁目,学級閉鎖,2018/02/02(金),2018/02/05(月),3年1組26
432,札幌市立手稲西中学校,札幌市手稲区金山3条2丁目,学級閉鎖,2018/02/02(金),2018/02/05(月),2年2組26
433,札幌市立北九条小学校,札幌市北区北9条西1丁目,学級閉鎖,2018/02/03(土),2018/02/05(月),2年1組30
434,札幌市立屯田西小学校,札幌市北区屯田6条10丁目3-1,学級閉鎖,2018/02/03(土),2018/02/05(月),3年3組33
435,札幌市立あいの里東小学校,北海道札幌市北区あいの里三条七丁目,学級閉鎖,2018/02/03(土),2018/02/05(月),2年1組24
436,札幌市立あいの里東小学校,北海道札幌市北区あいの里三条七丁目,学級閉鎖,2018/02/03(土),2018/02/05(月),2年2組23
437,札幌市立あいの里東小学校,北海道札幌市北区あいの里三条七丁目,学級閉鎖,2018/02/03(土),2018/02/05(月),3年1組32
438,札幌市立あいの里東小学校,北海道札幌市北区あいの里三条七丁目,学級閉鎖,2018/02/03(土),2018/02/05(月),4年3組35
439,札幌市立あいの里東小学校,北海道札幌市北区あいの里三条七丁目,学級閉鎖,2018/02/03(土),2018/02/05(月),5年1組30
440,札幌市立あいの里東小学校,北海道札幌市北区あいの里三条七丁目,学級閉鎖,2018/02/03(土),2018/02/05(月),5年4組30
441,札幌市立あいの里東小学校,北海道札幌市北区あいの里三条七丁目,学級閉鎖,2018/02/03(土),2018/02/05(月),6年1組33
442,札幌市立厚別東小学校,札幌市厚別区厚別東4条8丁目,学年閉鎖,2018/02/03(土),2018/02/05(月),1年40
443,札幌市立美園小学校,北海道札幌市豊平区平岸5条7丁目2-21,学級閉鎖,2018/02/03(土),2018/02/05(月),6年1組34
444,札幌市立簾舞小学校,札幌市南区簾舞1条4丁目,学年閉鎖,2018/02/03(土),2018/02/05(月),4年32
445,札幌市立簾舞小学校,札幌市南区簾舞1条4丁目,学年閉鎖,2018/02/03(土),2018/02/05(月),5年28
446,札幌市立二十四軒小学校,札幌市西区二十四軒二条3丁目1番37号,学級閉鎖,2018/02/03(土),2018/02/05(月),5年1組38
447,札幌市立福井野小学校,札幌市西区福井6丁目11番1号,学級閉鎖,2018/02/03(土),2018/02/05(月),2年2組25
448,札幌市立福井野小学校,札幌市西区福井6丁目11番1号,学級閉鎖,2018/02/03(土),2018/02/05(月),3年1組29
449,札幌市立篠路中学校,札幌市北区篠路町篠路368番地,学級閉鎖,2018/02/03(土),2018/02/05(月),2年4組38
450,札幌市立北陽中学校,札幌市北区北34条西7丁目3番1号,学級閉鎖,2018/02/03(土),2018/02/05(月),1年2組30
451,札幌市立北陽中学校,札幌市北区北34条西7丁目3番1号,学級閉鎖,2018/02/03(土),2018/02/05(月),3年4組34
452,札幌市立札幌中学校,札幌市東区伏古8条1丁目1番28号,学級閉鎖,2018/02/03(土),2018/02/05(月),2年5組36
453,札幌市立中の島中学校,札幌市豊平区中の島2条3丁目9番1号,学級閉鎖,2018/02/03(土),2018/02/05(月),2年1組31
454,札幌市立屯田小学校,北海道札幌市北区屯田七条六丁目二番二号,学級閉鎖,2018/02/02(金),2018/02/06(火),2年4組27
455,札幌市立新琴似緑小学校,北海道札幌市北区新琴似十条十一丁目,学級閉鎖,2018/02/02(金),2018/02/06(火),2年1組35
456,札幌市立新琴似西小学校,札幌市北区新琴似11条15丁目,学級閉鎖,2018/02/03(土),2018/02/06(火),1年3組24
457,札幌市立栄北小学校,札幌市東区北47条東6丁目1番1号,学級閉鎖,2018/02/03(土),2018/02/06(火),4年1組29
458,札幌市立栄北小学校,札幌市東区北47条東6丁目1番1号,学級閉鎖,2018/02/03(土),2018/02/06(火),6年2組38
459,札幌市立大谷地小学校,札幌市白石区本通18丁目南1-1,学級閉鎖,2018/02/03(土),2018/02/06(火),1年1組30
460,札幌市立大谷地小学校,札幌市白石区本通18丁目南1-1,学級閉鎖,2018/02/03(土),2018/02/06(火),5年1組37
461,札幌市立青葉小学校,札幌市厚別区青葉町6丁目,学年閉鎖,2018/02/03(土),2018/02/06(火),2年30
462,札幌市立青葉小学校,札幌市厚別区青葉町6丁目,学級閉鎖,2018/02/03(土),2018/02/06(火),4年2組21
463,札幌市立厚別北小学校,札幌市厚別区厚別北2条3丁目3-1,学級閉鎖,2018/02/03(土),2018/02/06(火),1年3組32
464,札幌市立厚別北小学校,札幌市厚別区厚別北2条3丁目3-1,学級閉鎖,2018/02/03(土),2018/02/06(火),2年1組29
465,札幌市立厚別北小学校,札幌市厚別区厚別北2条3丁目3-1,学級閉鎖,2018/02/03(土),2018/02/06(火),2年3組28
466,札幌市立厚別北小学校,札幌市厚別区厚別北2条3丁目3-1,学級閉鎖,2018/02/03(土),2018/02/06(火),2年4組29
467,札幌市立厚別通小学校,札幌市厚別区厚別西4条3丁目10-30,学級閉鎖,2018/02/03(土),2018/02/06(火),3年2組36
468,札幌市立厚別通小学校,札幌市厚別区厚別西4条3丁目10-30,学級閉鎖,2018/02/03(土),2018/02/06(火),6年1組30
469,札幌市立みどり小学校,札幌市豊平区美園5条2丁目2-1,学年閉鎖,2018/02/03(土),2018/02/06(火),1年71
470,札幌市立みどり小学校,札幌市豊平区美園5条2丁目2-1,学級閉鎖,2018/02/03(土),2018/02/06(火),2年1組29
471,札幌市立石山南小学校,札幌市南区石山2条8丁目8-1,学年閉鎖,2018/02/03(土),2018/02/06(火),5年36
472,札幌市立東月寒中学校,札幌市豊平区月寒東3条18丁目1-72,学級閉鎖,2018/02/03(土),2018/02/06(火),1年1組35
473,札幌市立二十四軒小学校,札幌市西区二十四軒二条3丁目1番37号,学級閉鎖,2018/02/03(土),2018/02/06(火),5年1組-
474,札幌市立東白石小学校,札幌市白石区本通14丁目南6-1,学級閉鎖,2018/02/03(土),2018/02/07(水),3年1組35
475,札幌市立新川小学校,札幌市北区新川5条15丁目,学級閉鎖,2018/02/06(火),2018/02/07(水),2年2組28
476,札幌市立平岸高台小学校,札幌市豊平区平岸5条18丁目,学級閉鎖,2018/02/06(火),2018/02/07(水),1年2組17
477,札幌市立福井野小学校,札幌市西区福井6丁目11番1号,学級閉鎖,2018/02/06(火),2018/02/07(水),4年2組25
478,札幌市立伏見中学校,札幌市中央区南16条西17丁目1番35号,学級閉鎖,2018/02/06(火),2018/02/07(水),2年1組37
479,札幌市立常盤中学校,札幌市南区常盤2条2丁目21番1号,学級閉鎖,2018/02/06(火),2018/02/07(水),1年2組24
480,札幌市立幌西小学校,札幌市中央区南10条西17丁目,学級閉鎖,2018/02/06(火),2018/02/08(木),2年1組34
481,札幌市立幌南小学校,札幌市中央区南21条西5丁目,学級閉鎖,2018/02/06(火),2018/02/08(木),1年2組33
482,札幌市立幌南小学校,札幌市中央区南21条西5丁目,学級閉鎖,2018/02/06(火),2018/02/08(木),2年2組30
483,札幌市立幌南小学校,札幌市中央区南21条西5丁目,学級閉鎖,2018/02/06(火),2018/02/08(木),2年3組28
484,札幌市立幌南小学校,札幌市中央区南21条西5丁目,学級閉鎖,2018/02/06(火),2018/02/08(木),6年3組30
485,札幌市立盤渓小学校,札幌市中央区盤渓226番地4,学年閉鎖,2018/02/06(火),2018/02/08(木),6年19
486,札幌市立宮の森小学校,北海道札幌市中央区宮の森4条6丁目1,学級閉鎖,2018/02/06(火),2018/02/08(木),1年2組35
487,札幌市立伏見小学校,札幌市中央区南18条西15丁目1-1,学年閉鎖,2018/02/06(火),2018/02/08(木),4年131
488,札幌市立伏見小学校,札幌市中央区南18条西15丁目1-1,学級閉鎖,2018/02/06(火),2018/02/08(木),3年3組30
489,札幌市立大倉山小学校,札幌市中央区宮の森3条13丁目,学級閉鎖,2018/02/06(火),2018/02/08(木),1年2組28
490,札幌市立大倉山小学校,札幌市中央区宮の森3条13丁目,学級閉鎖,2018/02/06(火),2018/02/08(木),2年1組23
491,札幌市立北九条小学校,札幌市北区北9条西1丁目,学級閉鎖,2018/02/06(火),2018/02/08(木),1年2組35
492,札幌市立新陽小学校,札幌市北区北27条西14丁目,学級閉鎖,2018/02/06(火),2018/02/08(木),5年1組33
493,札幌市立北陽小学校,北海道札幌市北区北31条西9丁目2-1,学級閉鎖,2018/02/06(火),2018/02/08(木),6年1組24
494,札幌市立太平南小学校,札幌市北区太平1条1丁目,学年閉鎖,2018/02/06(火),2018/02/08(木),6年59
495,札幌市立太平南小学校,札幌市北区太平1条1丁目,学級閉鎖,2018/02/06(火),2018/02/08(木),3年2組28
496,札幌市立あいの里東小学校,北海道札幌市北区あいの里三条七丁目,学級閉鎖,2018/02/06(火),2018/02/08(木),2年3組24
497,札幌市立あいの里東小学校,北海道札幌市北区あいの里三条七丁目,学級閉鎖,2018/02/06(火),2018/02/08(木),4年2組36
498,札幌市立北光小学校,北海道札幌市東区北十二条東六丁目,学級閉鎖,2018/02/06(火),2018/02/08(木),1年2組22
499,札幌市立北光小学校,北海道札幌市東区北十二条東六丁目,学級閉鎖,2018/02/06(火),2018/02/08(木),5年2組31
500,札幌市立丘珠小学校,札幌市東区丘珠町593番地3,学年閉鎖,2018/02/06(火),2018/02/08(木),4年44
501,札幌市立丘珠小学校,札幌市東区丘珠町593番地3,学年閉鎖,2018/02/06(火),2018/02/08(木),6年60
502,札幌市立栄小学校,札幌市東区北42条東10丁目,学級閉鎖,2018/02/06(火),2018/02/08(木),1年1組32
503,札幌市立栄緑小学校,札幌市東区北51条東10丁目,学年閉鎖,2018/02/06(火),2018/02/08(木),5年39
504,札幌市立栄緑小学校,札幌市東区北51条東10丁目,学級閉鎖,2018/02/06(火),2018/02/08(木),2年1組23
505,札幌市立栄緑小学校,札幌市東区北51条東10丁目,学級閉鎖,2018/02/06(火),2018/02/08(木),4年2組29
506,札幌市立東橋小学校,北海道札幌市白石区菊水8条1丁目,学級閉鎖,2018/02/06(火),2018/02/08(木),3年2組25
507,札幌市立東橋小学校,北海道札幌市白石区菊水8条1丁目,学級閉鎖,2018/02/06(火),2018/02/08(木),5年1組20
508,札幌市立白石小学校,札幌市白石区本通1丁目北4番1号,学年閉鎖,2018/02/06(火),2018/02/08(木),2年83
509,札幌市立東札幌小学校,北海道札幌市白石区東札幌4条5丁目4-20,学級閉鎖,2018/02/06(火),2018/02/08(木),1年2組28
510,札幌市立東白石小学校,札幌市白石区本通14丁目南6-1,学級閉鎖,2018/02/06(火),2018/02/08(木),1年1組31
511,札幌市立東白石小学校,札幌市白石区本通14丁目南6-1,学級閉鎖,2018/02/06(火),2018/02/08(木),2年1組30
512,札幌市立南白石小学校,北海道札幌市白石区南郷通2丁目南6-35,学年閉鎖,2018/02/06(火),2018/02/08(木),1年32
513,札幌市立菊水小学校,北海道札幌市白石区菊水元町2条3丁目2-14,学級閉鎖,2018/02/06(火),2018/02/08(木),2年2組34
514,札幌市立川北小学校,札幌市白石区川北4条2丁目,学級閉鎖,2018/02/06(火),2018/02/08(木),4年1組36
515,札幌市立東川下小学校,北海道札幌市白石区川下四条3丁目1番1号,学年閉鎖,2018/02/06(火),2018/02/08(木),1年48
516,札幌市立小野幌小学校,北海道札幌市厚別区厚別東2条4丁目5番1号,学級閉鎖,2018/02/06(火),2018/02/08(木),1年3組29
517,札幌市立小野幌小学校,北海道札幌市厚別区厚別東2条4丁目5番1号,学級閉鎖,2018/02/06(火),2018/02/08(木),3年2組33
518,札幌市立小野幌小学校,北海道札幌市厚別区厚別東2条4丁目5番1号,学級閉鎖,2018/02/06(火),2018/02/08(木),6年3組31
519,札幌市立共栄小学校,北海道札幌市厚別区厚別南2丁目21-22,学級閉鎖,2018/02/06(火),2018/02/08(木),1年2組34
520,札幌市立共栄小学校,北海道札幌市厚別区厚別南2丁目21-22,学級閉鎖,2018/02/06(火),2018/02/08(木),2年2組32
521,札幌市立共栄小学校,北海道札幌市厚別区厚別南2丁目21-22,学級閉鎖,2018/02/06(火),2018/02/08(木),5年3組30
522,札幌市立厚別通小学校,札幌市厚別区厚別西4条3丁目10-30,学級閉鎖,2018/02/06(火),2018/02/08(木),4年2組41
523,札幌市立上野幌東小学校,札幌市厚別区上野幌2条4丁目,学級閉鎖,2018/02/06(火),2018/02/08(木),2年1組28
524,札幌市立月寒小学校,札幌市豊平区月寒西2条5丁目1-1,学級閉鎖,2018/02/06(火),2018/02/08(木),2年1組31
525,札幌市立美園小学校,北海道札幌市豊平区平岸5条7丁目2-21,学級閉鎖,2018/02/06(火),2018/02/08(木),3年1組28
526,札幌市立美園小学校,北海道札幌市豊平区平岸5条7丁目2-21,学級閉鎖,2018/02/06(火),2018/02/08(木),5年1組37
527,札幌市立豊園小学校,北海道札幌市豊平区美園1条4丁目1番1号,学級閉鎖,2018/02/06(火),2018/02/08(木),3年1組36
528,札幌市立羊丘小学校,札幌市豊平区月寒東1条16丁目,学級閉鎖,2018/02/06(火),2018/02/08(木),3年1組30
529,札幌市立藻岩小学校,札幌市南区川沿7条2丁目,学級閉鎖,2018/02/06(火),2018/02/08(木),3年1組26
530,札幌市立石山小学校,北海道札幌市南区石山一条四丁目,学年閉鎖,2018/02/06(火),2018/02/08(木),2年33
531,札幌市立石山小学校,北海道札幌市南区石山一条四丁目,学年閉鎖,2018/02/06(火),2018/02/08(木),3年31
532,札幌市立真駒内桜山小学校,北海道札幌市南区真駒内泉町3丁目13-1,学級閉鎖,2018/02/06(火),2018/02/08(木),1年2組36
533,札幌市立手稲東小学校,札幌市西区西野4条3丁目7番1号,学級閉鎖,2018/02/06(火),2018/02/08(木),4年3組32
534,札幌市立手稲宮丘小学校,札幌市西区宮の沢3条2丁目1-1,学級閉鎖,2018/02/06(火),2018/02/08(木),4年3組35
535,札幌市立発寒西小学校,北海道札幌市西区発寒五条七丁目1-2,学級閉鎖,2018/02/06(火),2018/02/08(木),2年2組34
536,札幌市立二十四軒小学校,札幌市西区二十四軒二条3丁目1番37号,学級閉鎖,2018/02/06(火),2018/02/08(木),6年1組30
537,札幌市立発寒南小学校,北海道札幌市西区発寒2条4丁目1番1号,学級閉鎖,2018/02/06(火),2018/02/08(木),2年2組28
538,札幌市立山の手南小学校,北海道札幌市西区山の手一条9丁目,学級閉鎖,2018/02/06(火),2018/02/08(木),2年3組27
539,札幌市立山の手南小学校,北海道札幌市西区山の手一条9丁目,学級閉鎖,2018/02/06(火),2018/02/08(木),6年1組26
540,札幌市立手稲中央小学校,札幌市手稲区手稲本町3条2丁目6番1号,学級閉鎖,2018/02/06(火),2018/02/08(木),知的障がい学級1組3
541,札幌市立手稲中央小学校,札幌市手稲区手稲本町3条2丁目6番1号,学級閉鎖,2018/02/06(火),2018/02/08(木),自閉症・情緒障がい学10
542,札幌市立手稲中央小学校,札幌市手稲区手稲本町3条2丁目6番1号,学級閉鎖,2018/02/06(火),2018/02/08(木),自閉症・情緒障がい学8
543,札幌市立手稲北小学校,北海道札幌市手稲区手稲山口653の2,学級閉鎖,2018/02/06(火),2018/02/08(木),1年1組22
544,札幌市立手稲鉄北小学校,札幌市手稲区前田2条12丁目,学級閉鎖,2018/02/06(火),2018/02/08(木),1年2組34
545,札幌市立手稲鉄北小学校,札幌市手稲区前田2条12丁目,学級閉鎖,2018/02/06(火),2018/02/08(木),4年3組32
546,札幌市立手稲山口小学校,札幌市手稲区曙11条2丁目7番1号,学級閉鎖,2018/02/06(火),2018/02/08(木),3年4組31
547,札幌市立手稲山口小学校,札幌市手稲区曙11条2丁目7番1号,学級閉鎖,2018/02/06(火),2018/02/08(木),4年1組39
548,札幌市立手稲山口小学校,札幌市手稲区曙11条2丁目7番1号,学級閉鎖,2018/02/06(火),2018/02/08(木),4年2組39
549,札幌市立手稲山口小学校,札幌市手稲区曙11条2丁目7番1号,学級閉鎖,2018/02/06(火),2018/02/08(木),4年3組39
550,札幌市立手稲山口小学校,札幌市手稲区曙11条2丁目7番1号,学級閉鎖,2018/02/06(火),2018/02/08(木),6年4組33
551,札幌市立稲穂小学校,札幌市手稲区稲穂4条5丁目12番5号,学級閉鎖,2018/02/06(火),2018/02/08(木),1年2組28
552,札幌市立稲穂小学校,札幌市手稲区稲穂4条5丁目12番5号,学級閉鎖,2018/02/06(火),2018/02/08(木),3年3組29
553,札幌市立前田中央小学校,北海道札幌市手稲区前田8条12丁目2-1,学年閉鎖,2018/02/06(火),2018/02/08(木),3年65
554,札幌市立稲積小学校,札幌市手稲区前田5条7丁目,学級閉鎖,2018/02/06(火),2018/02/08(木),2年1組21
555,札幌市立中島中学校,札幌市中央区南12条西7丁目2-1,学級閉鎖,2018/02/06(火),2018/02/08(木),知的障がい学級14
556,札幌市立中島中学校,札幌市中央区南12条西7丁目2-1,学級閉鎖,2018/02/06(火),2018/02/08(木),自閉症・情緒障がい学4
557,札幌市立宮の森中学校,札幌市中央区宮の森1条16丁目5-1,学級閉鎖,2018/02/06(火),2018/02/08(木),2年2組36
558,札幌市立新琴似中学校,北海道札幌市北区新琴似7条4丁目1番1号,学級閉鎖,2018/02/06(火),2018/02/08(木),2年4組34
559,札幌市立北陽中学校,札幌市北区北34条西7丁目3番1号,学級閉鎖,2018/02/06(火),2018/02/08(木),3年2組35
560,札幌市立札幌中学校,札幌市東区伏古8条1丁目1番28号,学級閉鎖,2018/02/06(火),2018/02/08(木),2年2組34
561,札幌市立札幌中学校,札幌市東区伏古8条1丁目1番28号,学級閉鎖,2018/02/06(火),2018/02/08(木),3年5組37
562,札幌市立東栄中学校,札幌市東区本町1条7丁目2番7号,学級閉鎖,2018/02/06(火),2018/02/08(木),1年4組33
563,札幌市立栄町中学校,北海道札幌市東区北36条東14丁目1番1号,学年閉鎖,2018/02/06(火),2018/02/08(木),2年142
564,札幌市立柏丘中学校,札幌市白石区平和通8丁目北3番1号,学級閉鎖,2018/02/06(火),2018/02/08(木),2年3組39
565,札幌市立もみじ台中学校,札幌市厚別区もみじ台西1丁目,学年閉鎖,2018/02/06(火),2018/02/08(木),1年66
566,札幌市立もみじ台中学校,札幌市厚別区もみじ台西1丁目,学級閉鎖,2018/02/06(火),2018/02/08(木),2年2組29
567,札幌市立もみじ台中学校,札幌市厚別区もみじ台西1丁目,学級閉鎖,2018/02/06(火),2018/02/08(木),2年3組28
568,札幌市立もみじ台中学校,札幌市厚別区もみじ台西1丁目,学級閉鎖,2018/02/06(火),2018/02/08(木),3年1組31
569,札幌市立厚別北中学校,札幌市厚別区厚別町小野幌774番地5,学級閉鎖,2018/02/06(火),2018/02/08(木),1年3組33
570,札幌市立北野中学校,札幌市清田区北野2条3丁目7-30,学級閉鎖,2018/02/06(火),2018/02/08(木),2年2組34
571,札幌市立藻岩中学校,札幌市南区川沿7条3丁目4番1号,学級閉鎖,2018/02/06(火),2018/02/08(木),3年3組33
572,札幌市立八軒中学校,北海道札幌市西区八軒8条西8丁目1番1号,学級閉鎖,2018/02/06(火),2018/02/08(木),1年2組33
573,札幌市立八軒中学校,北海道札幌市西区八軒8条西8丁目1番1号,学級閉鎖,2018/02/06(火),2018/02/08(木),1年4組33
574,札幌市立西陵中学校,北海道札幌市西区発寒15条2丁目5-1,学級閉鎖,2018/02/06(火),2018/02/08(木),1年3組32
575,札幌市立西陵中学校,北海道札幌市西区発寒15条2丁目5-1,学級閉鎖,2018/02/06(火),2018/02/08(木),2年4組37
576,札幌市立西野中学校,北海道札幌市西区西野8条7丁目5番1号,学級閉鎖,2018/02/06(火),2018/02/08(木),1年4組31
577,札幌市立宮の丘中学校,札幌市西区西野3条10丁目9番1号,学級閉鎖,2018/02/06(火),2018/02/08(木),1年3組34
578,札幌市立手稲中学校,札幌市手稲区富丘3条5丁目,学級閉鎖,2018/02/06(火),2018/02/08(木),1年2組30
579,札幌市立手稲中学校,札幌市手稲区富丘3条5丁目,学級閉鎖,2018/02/06(火),2018/02/08(木),1年3組30
580,札幌市立手稲中学校,札幌市手稲区富丘3条5丁目,学級閉鎖,2018/02/06(火),2018/02/08(木),1年4組30
581,札幌市立手稲中学校,札幌市手稲区富丘3条5丁目,学級閉鎖,2018/02/06(火),2018/02/08(木),2年2組39
582,札幌市立稲陵中学校,札幌市手稲区曙7条2丁目6-50,学級閉鎖,2018/02/06(火),2018/02/08(木),3年3組32
583,札幌市立稲穂中学校,札幌市手稲区稲穂4条2丁目18-10,学年閉鎖,2018/02/06(火),2018/02/08(木),3年122
584,札幌市立星置東小学校,札幌市手稲区星置2条1丁目6-1,学級閉鎖,2018/02/06(火),2018/02/08(木),1年2組30
585,札幌市立星置東小学校,札幌市手稲区星置2条1丁目6-1,学級閉鎖,2018/02/06(火),2018/02/08(木),3年2組34
586,札幌市立伏古小学校,北海道札幌市東区伏古8条5丁目2-1,学級閉鎖,2018/02/07(水),2018/02/08(木),6年2組30
587,札幌市立北都中学校,札幌市白石区川下749番地56,学級閉鎖,2018/02/07(水),2018/02/08(木),2年4組37
588,北海道札幌藻岩高等学校,札幌市南区川沿3条2丁目1-1,学級閉鎖,2018/02/07(水),2018/02/08(木),2年1組39
